{
   "file_counts" : 24,
   "file_list" : [
      {
         "file_describe_code" : 4,
         "file_name" : "4HP_Front_panel_ivanvoid-B_Adhesive.gba",
         "layer_name" : "nil"
      },
      {
         "file_describe_code" : 4,
         "file_name" : "4HP_Front_panel_ivanvoid-B_Courtyard.gbr",
         "layer_name" : "nil"
      },
      {
         "file_describe_code" : 0,
         "file_name" : "4HP_Front_panel_ivanvoid-B_Cu.gbl",
         "layer_name" : "bl"
      },
      {
         "file_describe_code" : 4,
         "file_name" : "4HP_Front_panel_ivanvoid-B_Fab.gbr",
         "layer_name" : "nil"
      },
      {
         "file_describe_code" : 0,
         "file_name" : "4HP_Front_panel_ivanvoid-B_Mask.gbs",
         "layer_name" : "bs"
      },
      {
         "file_describe_code" : 4,
         "file_name" : "4HP_Front_panel_ivanvoid-B_Paste.gbp",
         "layer_name" : "nil"
      },
      {
         "file_describe_code" : 0,
         "file_name" : "4HP_Front_panel_ivanvoid-B_Silkscreen.gbo",
         "layer_name" : "bo"
      },
      {
         "file_describe_code" : 2,
         "file_name" : "4HP_Front_panel_ivanvoid-Edge_Cuts.gm1",
         "layer_name" : "gko"
      },
      {
         "file_describe_code" : 4,
         "file_name" : "4HP_Front_panel_ivanvoid-F_Adhesive.gta",
         "layer_name" : "nil"
      },
      {
         "file_describe_code" : 4,
         "file_name" : "4HP_Front_panel_ivanvoid-F_Courtyard.gbr",
         "layer_name" : "nil"
      },
      {
         "file_describe_code" : 0,
         "file_name" : "4HP_Front_panel_ivanvoid-F_Cu.gtl",
         "layer_name" : "tl"
      },
      {
         "file_describe_code" : 4,
         "file_name" : "4HP_Front_panel_ivanvoid-F_Fab.gbr",
         "layer_name" : "nil"
      },
      {
         "file_describe_code" : 0,
         "file_name" : "4HP_Front_panel_ivanvoid-F_Mask.gts",
         "layer_name" : "ts"
      },
      {
         "file_describe_code" : 4,
         "file_name" : "4HP_Front_panel_ivanvoid-F_Paste.gtp",
         "layer_name" : "nil"
      },
      {
         "file_describe_code" : 0,
         "file_name" : "4HP_Front_panel_ivanvoid-F_Silkscreen.gto",
         "layer_name" : "to"
      },
      {
         "file_describe_code" : 4,
         "file_name" : "4HP_Front_panel_ivanvoid-Margin.gbr",
         "layer_name" : "nil"
      },
      {
         "file_describe_code" : 3,
         "file_name" : "4HP_Front_panel_ivanvoid-NPTH-drl_map.gbr",
         "layer_name" : "dd1"
      },
      {
         "file_describe_code" : 4,
         "file_name" : "4HP_Front_panel_ivanvoid-NPTH.drl",
         "layer_name" : "nil"
      },
      {
         "file_describe_code" : 3,
         "file_name" : "4HP_Front_panel_ivanvoid-PTH-drl_map.gbr",
         "layer_name" : "dd"
      },
      {
         "file_describe_code" : 0,
         "file_name" : "4HP_Front_panel_ivanvoid-PTH.drl",
         "layer_name" : "drl"
      },
      {
         "file_describe_code" : 4,
         "file_name" : "4HP_Front_panel_ivanvoid-User_Comments.gbr",
         "layer_name" : "nil"
      },
      {
         "file_describe_code" : 3,
         "file_name" : "4HP_Front_panel_ivanvoid-User_Drawings.gbr",
         "layer_name" : "nil"
      },
      {
         "file_describe_code" : 4,
         "file_name" : "4HP_Front_panel_ivanvoid-User_Eco1.gbr",
         "layer_name" : "nil"
      },
      {
         "file_describe_code" : 4,
         "file_name" : "4HP_Front_panel_ivanvoid-User_Eco2.gbr",
         "layer_name" : "nil"
      }
   ]
}
